Title,Id
3_syllables_0 - Anand feat Projjal,1QNBDti7oAWCi_HbWCQUD5u8Sh9BGZonN
puppies_everyone_A1 - Bobo 1618,1ZK4OvYLSMLCED9RWEth1hUwm6qlWs2MaY9IphL5wZiE
puppies_everyone_A2 - Bobo 1618,1c2bxw6Gv0yWN73zGsRy90o5I0v2bRZurkx358eAVpiQ
puppies_everyone_A3 - Bobo 1618,1hthwVlMZHVh9XHr3JxgXtVveoAvXgXf0eWiyvsiB0RQ
puppies_everyone_B1 - Bobo 1618,1XmW0YJTfdL0LK3v2P_Sh7Q1mjex6_syj24_L6oPJxWU
puppies_everyone_B2 - Bobo 1618,1GsdrAhmz5sl3mdu_STzbl7dwerPH2ffZGORnDsywDTc
cartoon_news_A1 - Bobo 1618,1XA5C9_Lv-8Fr8W_Kpe6ea4WPnlRdF-dhpKwzmctulOs
cartoon_news_A2 - Bobo 1618,1a-5YygZ38r6iqWLPXFODwBpdjKhOrUrnK_uG02Bzi-A
cartoon_news_B1 - Bobo 1618,1vhbw0N80M87kl_qbdUCGAllXaoWwOvFPCAYJ0FVyro8
cartoon_news_A3 - Bobo 1618,1n30eUMsD2OQ5t81JDcupEMCNv_atMUcPD-gA3GPv6ug
aeroplane_play_0 - Bobo 1618,1MCxVlhSbm0QAkCY8m6Q6C9OYxctBqbyO_FqHF1Enxfc
aeroplane_play_A1 - Bobo 1618,19eVw850h0AnbxLyOKZ5EeL8ZEF2bKz-2XzxiRkQb7bY
aeroplane_play_A2 - Bobo 1618,1bXS-nkFpend2U-y78LW2iyM9eEIM0S05jZlENNm7vD4
aeroplane_play_A3 - Bobo 1618,1na7FVsTWsEEd1iN53Q764Hy9yDIECBXlOI9SiS5WNbc
aeroplane_play_B1 - Bobo 1618,1jTRculdkJBDkxwnsU_kkpsu-n-1ahBds30M49BFcZP8
cartoon_news_0 - Bobo 1618,1AMBzWn_Ey8MlTCnb1ywhLM0NwMS1Et3dKI71GSt54Ag
school_uniforms_0 - Bobo 1618,1npIh6xu_TpVdn3kuKH-WdD_1jsjyA1FL-yR952TElGM
school_uniforms_A1 - Bobo 1618,1A5AoGRQTBYaTqmmotiCV5SH_hqeR_V8TqaOjLgQp2yA
school_uniforms_A2 - Bobo 1618,1HkG0diHYY83u0ovcMy98Lp07jJKdRMSe270yN0VVPB8
school_uniforms_B1 - Bobo 1618,1LYrI1-f0LDCRhprH-75XA-YzMlOppnBaunrASxhfQSs
school_uniforms_B2 - Bobo 1618,1xTM5-T_x-64mUhwvJb6j67U0Z8KdioGyMeVCgQ9vb6k
tomato_speeches_0 - Bobo 1618,1EUFMAusrIE1so_K4W6CcsROlRAnBx1QIdBTZdN7KCpQ
tomato_speeches_A1 - Bobo 1618,134ceMYhNNQEPxeKTYIZYfmTf3T6dZWKLDX6BSBEhB_A
tomato_speeches_A2 - Bobo 1618,1y9A1Y2_wUulLHmEyYmMSnOCVWFWgpKxdVT-gEW4nwF8
tomato_speeches_B1 - Bobo 1618,1XholbfNuiqGQNT2kWMPjWYXWrlgdYg3pEiWTgtcyAK0
build_bank_0 - Bobo 1618,12lRUq2Zsj1pHuKjLEEayDqNCq5d9CeGFprW_QdBRfj8
build_bank_A1 - Bobo 1618,1ENiYI0tp5hMveAqut56m8vC1HUUEOzIwVLvE7PqkRJw
build_bank_A2 - Bobo 1618,1ay68TQzpTH0RDDTkgUo9gWsTP3ttsSw3_OB8DUMyFiU
build_bank_A3 - Bobo 1618,1n1PGBfpPxsYMAdeUfeH0cZREkD1Em52HOApz3ALdcNw
build_bank_B1 - Bobo 1618,1pn2Begn-KLC67F3jT__MAfZwTr7s24nm4-NnRfbWbl8
a_rated_0 - Bobo 1618,1urGWoVTlFKFvdfYmosK0SDoLNSGtmQwW167gp8ojSQc
a_rated_A1 - Bobo 1618,1QCCGuaTDi1xI05xamjMQDTSc8QSAbBUwq9KSxJd5RwU
a_rated_A2 - Bobo 1618,1mK8kxSbGcFaO3mDNJVA0mmrJuaCIl2RAaBgUpcACni4
a_rated_B1 - Bobo 1618,1mccsM6Snu_-FkN-Po-pzSfxHHax4wM1X96kyw7jjSyA
a_rated_B2 - Bobo 1618,1YhK0TiMNef2_RZ9qyaxflkwenMB4nrTHdJiEJNiMYA0
Oldmusic_n_1 - Raisa Bastian,1Wew-OI5T_4m8cRX20nCcV10OG-xnaJb7
Oldmusic_p_2 - Raisa Bastian,1JiTc8qEWsB07uETcbhykSzuMZkhc8kCl
Old music ban - Raisa Bastian,1jjvdiMB6g9_ZUOYGwcooqBWMH3Q65Unq
Oldmusic_p_1 - Raisa Bastian,146uq5KrsrThBSnP_xxj9MMnBwosPVFL4
Flu_n_2 - Raisa Bastian,1AKDYOWq49aRLzyfbyAYwv75jkevmI3hd
Flu_p_3 - Raisa Bastian,1lDjHwsyKo-2-ScZdpP2Lg_-pdo_8J0xE
Q_p_4 - Raisa Bastian,1WIatgPGjrj5x0eXSuYhWjecITVzmsVoQ
Flu_n_1 - Raisa Bastian,1_v3S6GsMTmlBj7UJDc9QNy4uvTLT-RxO
Flu_p_2 - Raisa Bastian,1PR9HolSoI27Bgtcv63xg_D2XT_PDo7KR
Flu_p_1 - Raisa Bastian,1FWbYoFvnUH-zFHjGFJu8kxHht9QlnqjN
Flu - Raisa Bastian,19hSwZFGeVx8xmtzIiJrZuYcz74q4IpuG
Q_n_1 - Raisa Bastian,1DQDxurhb-SyuWdcRGa50ceH5zjm2TBd-
Q_n_2 - Raisa Bastian,1K_KmDTAHWbJgIXCvjS9DkdLK_fkkkCYW
Q_p_3 - Raisa Bastian,1mjwXBbHSzPx9ODAcEONEgGh0tPO3LZ9M
Q_p_2 - Raisa Bastian,10Beuscym2BsKw8bHygDmbfSpgST3UpE9
Kween_p_1 - Raisa Bastian,1De-9bGROifKC-9CYv-p7hd__eU4GftIf
Down with the q - Raisa Bastian,15bLemd4StevyCn7SabV5XXzPPVI590QN
C99ADC8E-720A-4ACA-A289-DAF5B3503075 - Anand Ramachandran,10hlri11bnCh_kaZhvmDuftryipZu_Daf
7B099CEA-2471-4CA6-A382-1790C8AA62E7 - Anand Ramachandran,1jQZaOkNabkjEpihavABdhwpfbxZS9Gg1
3136F853-3011-453A-9C29-27DA2B2C91DF - Anand Ramachandran,1PQZdvNWTS_c6vdYPl0CWzEXQ2DE6MxQG
3FC248B6-1B4B-47A2-BBDF-B3F125A11D41 - Anand Ramachandran,18idLlc2uRaWWASn95TAqtOszB6J_ha6c
14F43FD5-D6CA-48C5-8293-ACDDE9364C5A - Anand Ramachandran,1AOTQjR8IfYLGnPZupPeNcdtQqLO6uw0u
2BE9E0A5-BF01-4A5F-A8AF-6B7D8F8D2FE6 - Anand Ramachandran,1EyvfnefgSFagdN2nTYw5k3qszKU35bVL
3064CF51-CDF4-4FA0-9184-3DA435F11A35 - Anand Ramachandran,1FtHD7eRjkbr4ge9Sut3fJKCGEKzNyJ7P
83F5F046-4830-4B34-8357-9970140D06F7 - Anand Ramachandran,1kky--HPBPb18l6ZWQt7OlwPgMTrjuZSn
A211ED27-F667-4F6D-9CD0-D363C982C248 - Anand Ramachandran,1MfHYBDQZ-Q2J0BPmOcKU5x4B-vfEecDU
FBF4CEC7-4D04-4880-A7D2-C09F43854637 - Anand Ramachandran,1UWb_IyMDDfsI2Etp92VOpLRT5j8WGb20
0F694DFC-AD7F-43D3-A6D2-E03F847ABEA5 - Anand Ramachandran,1zuOiMIMo3HJKJLGVfywZamJf-ITrj_nu
Everyday_holiday_NOresult1 - pavithra sridhar,1076km5qm6IQSZvfi6PssrG-X-RQ_E8O0
Everyday_holiday_yesresult3 - pavithra sridhar,124TBKeftoS3pf5ggm_xXLCg4yPcZUdwl
Everyday_holiday_yesresult2 - pavithra sridhar,14baSOSDPI4ukQIhW5N3B5Yi2fH16AxkL
Everyday_holiday_yesresult1 - pavithra sridhar,1tbNdSi9tB6RUCsq2DEfiC6GR-HIs2a_v
Everyday_holiday - pavithra sridhar,1moi4Aul49ZUqQKNyT5Qwos1WAG3j8oRp
0FE4AF93-B9BA-4C2B-852A-5C3B589A0FDA - Bhamini Lakshminarayan,1Zxi5BjSaXdlO21AsZSLb6ZS88ej8WSz9
51EC66FB-37AB-4618-BA70-ADB2FB1F146D - Bhamini Lakshminarayan,1ZOxXk7WdUQykZu-OjzXXJmRBeugCaOgp
DCD7E0DF-4D14-4950-8AB4-4872AD4D9035 - Bhamini Lakshminarayan,1-1gOGrA5moplSeKzAOEGoZG7Fl1MiYUT
3B400C07-9594-4D41-ABF0-75E7034E0702 - Bhamini Lakshminarayan,1krSwyMRpDJqtqT3NUklEqyEJbZ1syS3_
71D0A668-28AC-4136-B104-F9250B61A9AF - Bhamini Lakshminarayan,1ynxNfL4EXgpkirYymerQnIl8cO7ijKMb
2820B94C-4824-4191-8D03-3DC087873F64 - Bhamini Lakshminarayan,14YyuWwjRzRNSfvPOSPtdj1sgoQqFFjT4
4735D537-C2FB-4DE6-88E8-2928C25F4C1F - Bhamini Lakshminarayan,1pSyjkPxiAYzEa1c605cB0gaJmP1YTpCt
B1FA85C5-C03D-4A85-9653-C7C9BECAFF78 - Bhamini Lakshminarayan,1Ga8pCYYOtWIjFklEz8mczJV-evwxZukq
C83B6BE0-EA8C-4FAF-A0D4-B45EE8ABE3DD - Bhamini Lakshminarayan,10inx31o9WRZ-6okfTYWuqFA03RMcrJb0
350FF238-B115-423B-A7FE-087EA06FC0E2 - Bhamini Lakshminarayan,1U5qz1rbY-lKbCvASfUU81Gqc7HdTLvK9
B9E419DE-0C69-4CFF-B322-A55FE2E4BA1D - Bhamini Lakshminarayan,1agdcthd-oTEwPGEDMglc4WuzL3ASy-HL
9FF31F01-F05B-4FA6-8973-6C5C28F610D0 - Bhamini Lakshminarayan,1_Lia6sX5jY495krzXGonrAtzp6jaoq6B
FF734535-6B51-4688-BAB8-F53B70EA6212 - Bhamini Lakshminarayan,1Q93V9fyxYX6t2y1-sNVvnfTjb8NX7BJr
1267FD7A-74FE-4AD3-94A6-4642A4815B0C - Bhamini Lakshminarayan,1qt-4p9tq539ruon9ShXQ4d-btX0V8Ky_
D9F663F3-5A40-4330-A61D-C7CC80DDECC2 - Bhamini Lakshminarayan,11q4ErQ9trMYtvAfQIa-_WtxC6-EgREkJ
6303C785-CAA1-4E0D-890C-2E82262396D9 - Bhamini Lakshminarayan,1-oBBCXVKvaBkHTm016bigGduk9TaUZ9F
12F26DD9-A303-4D06-8925-9A4B287823C3 - Bhamini Lakshminarayan,1JzDTaop87tsuuiFthQojNn3SbEwoLfok
9A929AD5-AB5B-4066-BF88-6FEA704496BC - Bhamini Lakshminarayan,1_PJNL7fmeTTvEOlLxLR8ewxxUYnsOaFs
D543EB26-8DDB-4A51-A637-62C9ABEA2A77 - Bhamini Lakshminarayan,14WIyUZNSG5gmPGEqKIEsReaYG-Sgrnmc
90D3AA28-B44D-4548-AE80-28796215923E - Bhamini Lakshminarayan,1ZMaaAvfvsN2Cokdf3Q_tHDpki-WCaD67
524BD23D-4916-4F1B-A8DD-F130FAF34EB9 - Bhamini Lakshminarayan,1ZFa4x31ddhsH-figD34BZqcCJiZFSKHC
3378B761-2C52-4DF1-8A55-312E56B99D4F - Bhamini Lakshminarayan,1arXf_Uh69Swt2yLbg8J9C4J_oq6WvJo4
B1C59C1A-8B9B-4431-B5B2-E5298148D4BB - Bhamini Lakshminarayan,13cCqSMsGaYjjpX09zky9vhHf1w9_pPpl
C39A349D-C310-43E7-B324-E7B6AEA3D19F - Bhamini Lakshminarayan,1F_sdHi2Myspa94k1yHr6Vp_kdeFsWNts
FA9387FF-CE81-483D-867D-22320848DEC9 - Bhamini Lakshminarayan,1ne2jxKW5Sn934GhFA47jUiR6yGt6HyA2
9E7B9BC8-05E4-43A9-A210-2AD94CDAAE61 - Bhamini Lakshminarayan,1IG85tnsdTuBLQMv89971P4ZAA6CXSCod
B455558D-29FF-4C8B-9A7C-8AB8D3D6771A - Bhamini Lakshminarayan,1FD5l5NgYoUq26AHiUp8cv1LoXI3YbWEs
56364E6A-8968-4B78-8FC0-120DAC754E72 - Bhamini Lakshminarayan,1eKgTcOt3bF46zndK0xZspEfNpsg3AdX5
BA7871A6-AA5E-49A2-B0CD-3F857FB57E90 - Bhamini Lakshminarayan,1fIuQl5vEQxb1ngJopCbKiPP2FUUaxZAH
8249EE5B-7B70-4F34-B40C-1FF34E477945 - Bhamini Lakshminarayan,1MaF8TbJexFrgbUl1CnEnyXmWjfz2aW3i
F3310087-230C-4175-B8EA-F13F0CDD9A3A - Bhamini Lakshminarayan,1WNs30Q1aAjYhr9SPkrd4ebZWGQcIF_T7
E9405718-58C5-4F62-96E3-DB6C6E906657 - Bhamini Lakshminarayan,19h9M8etSpsUZQT9MBUkP9YvNCHO6cgXC
4FD88927-F26A-471B-9F34-D3A113134291 - Anand Ramachandran,1_Vbdb4kV3jAYjsjXqf0CE5Rg16oDjHm0
927E859B-B8BB-4B15-ABD1-26F550CE12E2 - Anand Ramachandran,1qzYP3Zb_OcSk2WZveM_Oyj7CW4ZMDxg3
9077E30C-F068-4644-B2C4-27163F648E29 - Anand Ramachandran,1pc-gvkTdyHRGsf0-Z0eh0JnKkg8PtzFL
DBEE58E6-20D6-4A82-A34C-B8631826E41C - Anand Ramachandran,1EAVmLZ6K806z1kPFdVhj4Ev2d9O1F3fR
EE79DF71-DF0D-4122-83B8-2051F127F014 - Anand Ramachandran,1tQuWHZNDRozIoX54x3qO2-sR6L_7bW1s
4FD88927-F26A-471B-9F34-D3A113134291 - Anand Ramachandran,1CfZkjiJw6xEvIKHtQVyA0pIWbIlsJMNr
927E859B-B8BB-4B15-ABD1-26F550CE12E2 - Anand Ramachandran,1dzrC33wtsZNi8j6lhJIPtvhOlhSvyXEk
9077E30C-F068-4644-B2C4-27163F648E29 - Anand Ramachandran,1jlv_bQ36aYNQfgPVC_N8zm6LV_BY5wuz
DBEE58E6-20D6-4A82-A34C-B8631826E41C - Anand Ramachandran,1KrWBDs8H5S_Yg100BZdZVvLXJGfmxuxy
EE79DF71-DF0D-4122-83B8-2051F127F014 - Anand Ramachandran,1vJ09mdvQZDYK5DZTK-4fwAnTiMxL76HV
Stop 1000 - Raisa Bastian,1WlivwMlGraHbIzuxKZa5mDNZY5ZVtS-f
1000_p_2 - Raisa Bastian,1YyjlzmcvfMdKzodW1LXAhkIur2UvnkFy
1000_p_1 - Raisa Bastian,1saX0oj200dzoo876gvkgA3qbHP8i7iT6
1000_n_1 - Raisa Bastian,1-CpuYvN2qpVr6tKZ7-_PebAZi4-Vq11U
Hospital _p_1 - Raisa Bastian,1oulLQ88t6VCCv0bXVv-5z8u5hwnwuzYa
Build hospital  - Raisa Bastian,14DKkW63z-OFlxnrq2WEbrBAg0z5ElNW1
Hospital _n_1 - Raisa Bastian,1lLPpfBVl8_z2f3Y7fPZWha0MMjNzBeWv
Hospital _p_2 - Raisa Bastian,1XFduxMWEeoX8ca-EB_nrAq8AoCoZOlur
Hospital _p_3 - Raisa Bastian,1Qwkzg5uA_WXcir_q7-yZlgzWXCDagA4K
Hospital _n_2 - Raisa Bastian,1S0BU1oxPGotOnj48koNw0LOdnel8_XkX
Assignment for teacher - Raisa Bastian,133Azijr_Dqcxdf6J2-LtNt9EJrLmKn_w
Teacher_p_2 - Raisa Bastian,1LMHtFFn004NU0TEvdQ7oMetWRVqXVkNf
Teacher_p_1 - Raisa Bastian,1dtOMvfqJz4X-I1-wDs2sQzXeFr9ApW6_
Teacher_n_1 - Raisa Bastian,1oif7OmXkxrFOPmaw_QYYK97zVVI-sO6z
Thor god - Raisa Bastian,1rn-aAwcOBqiGVefsNUkgfo0enu4Q03WF
Thor_p_2 - Raisa Bastian,1e--Vg-Tg9zq0tySBPxIdxayx_fAMXATb
Thor_p_1 - Raisa Bastian,17tfBrWAGHuounMM3MF9lrd30KC9YAmb0
Thor_n_1 - Raisa Bastian,1Cw-yaegQnOkEGZJsyJq5a1r2xLWmNxu8
4AD7690B-9C28-4BB9-9506-4AE30F4BF340 - Anand Ramachandran,1Z4knj5phF-k4o_zsMw-ZtdoSyLm3RO9J
FA8A4B6E-A094-4273-A1F6-E7AEA88A5BF1 - Anand Ramachandran,1w689NsILVaTA3Y03l9Spk1-tlVVWrtcA
032869B7-39CE-49F5-8C3F-D9C220BD6261 - Anand Ramachandran,1m076XY320wwdM8XrRflxELdC8l82HELN
2EC94977-2360-426A-9765-2A99979ECDB2 - Anand Ramachandran,1hGZV-lTCwyxbmWp74AWZ0rGBfjmDIyDs
FEA97144-EDC5-420A-B975-1409633232F0 - Anand Ramachandran,1qZXBDBMsAumvVhw_yq2Q52BA1zJtk3zb
B18F886B-0916-43C2-A22B-AF0ABCA0CC67 - Anand Ramachandran,1cZ0JrrtdpdpiGDB0R8TFbuTgSVw2Fi2S
FB9EDA25-7D6A-4A0D-A581-822BBC43CAC3 - Anand Ramachandran,1oeoLXBuiURbsu_SMmM3u7TvEhDbMAJqz
6994BA65-2579-41BB-A65B-BEEF5499F8F4 - Anand Ramachandran,19mQeDlORLcg2BJIINr4Kd4Albeau3dGn
63214F73-2D8E-4770-AFDB-22453C3AE179 - Anand Ramachandran,1hnp7DGoCW4MNvWp5oyKKOqL5Za9POo6m
258287F1-6937-4433-A770-DF3F39134119 - Anand Ramachandran,1yYx8zdaIEVHI7tUtLjaqU_Lu_YIGEJIg
EDF5FE7B-A693-43FF-B34A-563F4A9C4736 - Anand Ramachandran,1vwjqcMdwGMZuJKQ_Os3hETz9OY_j3nxs
D91DD826-C1C2-465D-8996-CA324D44587B - Anand Ramachandran,1Ot0DjrC0fxmQWBSfJVx-n9pS7lNA775T
BAB9A9EF-3060-417E-AFB6-60566009AC14 - Anand Ramachandran,1IhUhM453XkuAcjY50Tv4-i5RqMH4Vlwc
1E55E3BF-95C7-4E03-83BF-6F4853C3CA0E - Anand Ramachandran,1jii8ipus9UVG8X6GFQxSZCFBGov1ZnKs
2D3E99F3-7656-4A75-8AD9-878AEC1CC596 - Anand Ramachandran,17cmcS6LVoVTbtxxmpyfex1hfPm2pcJHs
9B6242C7-9199-4056-A82A-A569DAAE3F1E - Anand Ramachandran,1QfIgOC-2nVU13xm5S0p3iCg0rlBXrBaZ
7D0A940B-AA6B-4025-AC42-B75A1340E0A9 - Anand Ramachandran,1ELSCa0yDfLv4v6R9ywrAez1Uitgq70iq
7CFC978D-2759-4A4E-9676-E68B6808BFAE - Anand Ramachandran,1mc9i5XKR2zysdEcGPbIejQXOgtySohpS
ADCCAAAF-9D5A-410F-8389-A01B6A1DA9B5 - Anand Ramachandran,1KBRNyYrImcNBhU4ZUsCAjEXZXGHKw2tE
2D3E99F3-7656-4A75-8AD9-878AEC1CC596 - Anand Ramachandran,1_9n0AQofdxJawiKcqwRPehppC_0iqzkr
9B6242C7-9199-4056-A82A-A569DAAE3F1E - Anand Ramachandran,1X5u7x_veH9dKBI7r9iXJpKMeWA7CmNfH
7D0A940B-AA6B-4025-AC42-B75A1340E0A9 - Anand Ramachandran,1NrP90xA5DExKwOIyv26UEeSQzKBSLBGN
7CFC978D-2759-4A4E-9676-E68B6808BFAE - Anand Ramachandran,1Rj6DAayaI3NrHxb68YONaT8fzl2769PR
ADCCAAAF-9D5A-410F-8389-A01B6A1DA9B5 - Anand Ramachandran,1rmdQPW6Ifz10DMqHyKMpRmihD9iQ1uh_
purple_moustache_B1 - Bobo 1618,1tk_HiqwWQVxQz-B0wJif__wSBY3kgd8Y
purple_moustache_A2 - Bobo 1618,1Ptq4X5sDqb8FSte0ilvfgsqlMAg7b0E0
purple_moustache_A1 - Bobo 1618,16tgBGz-dKgPYlp2zPZQ5FLNYS2NkrFcW
purple_moustache_0 - Bobo 1618,1INMci66BdkCpCXTrkF413vbogJ09b4IL
puppies_everyone_0 - Bobo 1618,1OJkfvpAUJQU0pA5qLmB1HpO2al51zr1BAiOdkPMkV4s
midnight_bedtime_0 - Bobo 1618,1FUKPMMXvWqNNmq87u8wrDyRrClZwViSC
midnight_bedtime_A1 - Bobo 1618,1cjYfuJ5pdIVGU5gA4cQgFet82uOBjMQY
midnight_bedtime_A2 - Bobo 1618,1so-LONE2OAREVq1b945P5w4VrnzD4GHf
midnight_bedtime_B1 - Bobo 1618,1kmZ-jpZUoMD3hz-PEOgHstnhRCthLKDQ
midnight_bedtime_B2 - Bobo 1618,1XCoOFQuo85Zq3Tb7sz_FbjqkZ4sJB5Vd
midnight_bedtime_B3 - Bobo 1618,1szpV8ynbMjTYLgZoRoEvRIsfZs53x9Vr
Library 1 - Raisa Bastian,1bRaxtqwE1d2C-EoVhjOMPunpiScsh8sL
Library Yes 2 - Raisa Bastian,1jQauypUm-6YqygkTlgliwOL3ZL3DtutB
Library Yes 3 - Raisa Bastian,1rhWBwSZYz9rT_xaMopjM2Z8XgOsciRFo
Library Yes 4 - Raisa Bastian,1U5BOhfxxoh0hWBtKYM2NH9CcXFxiorsK
Library No - Raisa Bastian,1esUPOikeHlcZvaMo4KYy-pdQKHp1ET-m
Chocolate  - Raisa Bastian,1lBwP6EMLgjNzLimSxlIBht0d-smEDgzc
Chocolate Yes 1 - Raisa Bastian,1C3mvSqIuU4N9BMkvuIQePQ8EXc8UHVnZ
Chocolate Yes 2 - Raisa Bastian,1tBKofyLzdSi87n0QMQRIWZapY5YfxFn4
Chocolate Yes 3 - Raisa Bastian,1cLEIxiRDA4F-GXkOh7MYkgOM8ckjCFFB
Chocolate No - Raisa Bastian,1Pym0Dy-MHWwCvAzJwR9RcItsQFsxzJGF
War - Raisa Bastian,1AWz_aQTAbS0_k1ymhVDmz-JR68SBzp0P
War Yes 2 - Raisa Bastian,1lGlyXaIIOa2sl9iGnLHDgg60NUYmrqpH
War Yes 3 - Raisa Bastian,1IBZD5ooeS-1KFU63UJLv4B-DCEFheLWY
War Yes 4 - Raisa Bastian,1mMH0wPQTyV1Cg26iCwddW07-_AyScwmd
War Yes 5 - Raisa Bastian,15FrpR3KDfqJWTKJFr9NcLfi6B1uF3akP
War No 1 - Raisa Bastian,1IZ8TepVKWqFFXVoSpP7N2OSU522EKj0w
War No 2 - Raisa Bastian,1-JMDQfhc6ZALQVA2B5amMbIWjPYsHFTu
Bday - Raisa Bastian,1IMTEnoYB0QduZ_eIY7nGoHYqOEbRtT5_
Bday Yes 1 - Raisa Bastian,13dtKMgDo5kgYV9qZOkuRtRJ-26DdUQdh
Bday Yes 2 - Raisa Bastian,1XbQfsMVxBmsmtBi78L-9pKNjfxoX3V0y
Bday Yes 3 - Raisa Bastian,1IADPIdl37Mk1Vpjaiw9PNu83qfr82GhD
Bday No 1 - Raisa Bastian,12PiORa1Gr0RbzQYrAdnIWcHGwGpQ1tDQ
Bday No 2 - Raisa Bastian,19nNiKjE7fOTjYxY8dGk3sIdHJrXj4Woy